Setor,Custo Total,Qtd Procedimentos,Tempo Médio Internação,Qtd Pacientes
Centro Cirúrgico,332360,211,7.964285714285714,35
Emergência,507690,382,8.507853403141361,46
Enfermaria,308440,281,7.166666666666667,32
UTI,338580,306,7.0,39
